Date,sp500,CPI
1871-01-01,4.44,12.46406116
1871-02-01,4.5,12.84464132
1871-03-01,4.61,13.0349719
1871-04-01,4.74,12.55922645
1871-05-01,4.86,12.27381157
1871-06-01,4.82,12.08348099
1871-07-01,4.73,12.08348099
1871-08-01,4.79,11.8932314
1871-09-01,4.84,12.17864628
1871-01-01,4.59,12.36889587
1871-11-01,4.64,12.36889587
1871-12-01,4.74,12.65439174
1872-01-01,4.86,12.65439174
1872-02-01,4.88,12.65439174
1872-03-01,5.04,12.84464132
1872-04-01,5.18,13.13013719
1872-05-01,5.18,13.13013719
1872-06-01,5.13,13.0349719
1872-07-01,5.1,12.84464132
1872-08-01,5.04,12.93980661
1872-09-01,4.95,13.0349719
1872-01-01,4.97,12.74947603
1872-11-01,4.95,13.13013719
1872-12-01,5.07,12.93980661
1873-01-01,5.11,12.93980661
1873-02-01,5.15,13.22522149
1873-03-01,5.11,13.22522149
1873-04-01,5.04,13.22522149
1873-05-01,5.05,12.93980661
1873-06-01,4.98,12.55922645
1873-07-01,4.97,12.55922645
1873-08-01,4.97,12.55922645
1873-09-01,4.59,12.55922645
1873-01-01,4.19,12.27381157
1873-11-01,4.04,11.8932314
1873-12-01,4.42,12.17864628
1874-01-01,4.66,12.36889587
1874-02-01,4.8,12.36889587
1874-03-01,4.73,12.36889587
1874-04-01,4.6,12.17864628
1874-05-01,4.48,12.08348099
1874-06-01,4.46,11.79806612
1874-07-01,4.46,11.8932314
1874-08-01,4.47,11.79806612
1874-09-01,4.54,11.79806612
1874-01-01,4.53,11.60773554
1874-11-01,4.57,11.51265124
1874-12-01,4.54,11.51265124
1875-01-01,4.54,11.51265124
1875-02-01,4.53,11.51265124
1875-03-01,4.59,11.51265124
1875-04-01,4.65,11.60773554
1875-05-01,4.47,11.32232066
1875-06-01,4.38,11.13207107
1875-07-01,4.39,11.13207107
1875-08-01,4.41,11.22715537
1875-09-01,4.37,11.13207107
1875-01-01,4.3,11.13207107
1875-11-01,4.37,11.03690579
1875-12-01,4.37,10.9417405
1876-01-01,4.46,10.84657521
1876-02-01,4.52,10.84657521
1876-03-01,4.51,10.84657521
1876-04-01,4.34,10.75149091
1876-05-01,4.18,10.37091074
1876-06-01,4.15,10.08541488
1876-07-01,4.1,10.08541488
1876-08-01,3.93,10.18058017
1876-09-01,3.69,10.27574545
1876-01-01,3.67,10.46599504
1876-11-01,3.6,10.56116033
1876-12-01,3.58,10.75149091
1877-01-01,3.55,10.9417405
1877-02-01,3.34,10.65632562
1877-03-01,3.17,10.18058017
1877-04-01,2.94,10.46599504
1877-05-01,2.94,10.65632562
1877-06-01,2.73,10.08541488
1877-07-01,2.85,10.18058017
1877-08-01,3.05,9.8
1877-09-01,3.24,9.704834711
1877-01-01,3.31,9.704834711
1877-11-01,3.26,9.514585124
1877-12-01,3.25,9.514585124
1878-01-01,3.25,9.229089256
1878-02-01,3.18,9.134004959
1878-03-01,3.24,8.94367438
1878-04-01,3.33,8.848509091
1878-05-01,3.34,8.563094215
1878-06-01,3.41,8.372844628
1878-07-01,3.48,8.467928926
1878-08-01,3.45,8.563094215
1878-09-01,3.52,8.563094215
1878-01-01,3.48,8.467928926
1878-11-01,3.47,8.372844628
1878-12-01,3.45,8.18251405
1879-01-01,3.58,8.277679339
1879-02-01,3.71,8.372844628
1879-03-01,3.65,8.277679339
1879-04-01,3.77,8.18251405
1879-05-01,3.94,8.18251405
1879-06-01,3.96,8.087381157
1879-07-01,4.04,8.18251405
1879-08-01,4.07,8.18251405
1879-09-01,4.22,8.467928926
1879-01-01,4.68,8.94367438
1879-11-01,4.93,9.419419835
1879-12-01,4.92,9.704834711
1880-01-01,5.11,9.990330579
1880-02-01,5.2,9.990330579
1880-03-01,5.3,10.08541488
1880-04-01,5.18,9.704834711
1880-05-01,4.77,9.419419835
1880-06-01,4.79,9.229089256
1880-07-01,5.01,9.229089256
1880-08-01,5.19,9.229089256
1880-09-01,5.18,9.324254545
1880-01-01,5.33,9.324254545
1880-11-01,5.61,9.419419835
1880-12-01,5.84,9.514585124
1881-01-01,6.19,9.419419835
1881-02-01,6.17,9.514585124
1881-03-01,6.24,9.514585124
1881-04-01,6.22,9.609669421
1881-05-01,6.5,9.514585124
1881-06-01,6.58,9.514585124
1881-07-01,6.35,9.609669421
1881-08-01,6.2,9.8
1881-09-01,6.25,10.18058017
1881-01-01,6.15,10.27574545
1881-11-01,6.19,10.18058017
1881-12-01,6.01,10.18058017
1882-01-01,5.92,10.18058017
1882-02-01,5.79,10.27574545
1882-03-01,5.78,10.27574545
1882-04-01,5.78,10.37091074
1882-05-01,5.71,10.46599504
1882-06-01,5.68,10.56116033
1882-07-01,6,10.46599504
1882-08-01,6.18,10.56116033
1882-09-01,6.24,10.27574545
1882-01-01,6.07,10.18058017
1882-11-01,5.81,10.08541488
1882-12-01,5.84,9.990330579
1883-01-01,5.81,9.990330579
1883-02-01,5.68,10.08541488
1883-03-01,5.75,9.990330579
1883-04-01,5.87,9.895165289
1883-05-01,5.77,9.8
1883-06-01,5.82,9.514585124
1883-07-01,5.73,9.324254545
1883-08-01,5.47,9.324254545
1883-09-01,5.53,9.229089256
1883-01-01,5.38,9.229089256
1883-11-01,5.46,9.134004959
1883-12-01,5.34,9.229089256
1884-01-01,5.18,9.229089256
1884-02-01,5.32,9.229089256
1884-03-01,5.3,9.229089256
1884-04-01,5.06,9.038839669
1884-05-01,4.65,8.848509091
1884-06-01,4.46,8.848509091
1884-07-01,4.46,8.753424793
1884-08-01,4.74,8.753424793
1884-09-01,4.59,8.658259504
1884-01-01,4.44,8.563094215
1884-11-01,4.35,8.372844628
1884-12-01,4.34,8.277679339
1885-01-01,4.24,8.277679339
1885-02-01,4.37,8.372844628
1885-03-01,4.38,8.18251405
1885-04-01,4.37,8.277679339
1885-05-01,4.32,8.087381157
1885-06-01,4.3,7.897091074
1885-07-01,4.46,7.992232066
1885-08-01,4.71,7.992232066
1885-09-01,4.65,7.897091074
1885-01-01,4.92,7.897091074
1885-11-01,5.24,7.992232066
1885-12-01,5.2,8.18251405
1886-01-01,5.2,7.992232066
1886-02-01,5.3,7.992232066
1886-03-01,5.19,7.897091074
1886-04-01,5.12,7.801941983
1886-05-01,5.02,7.611651901
1886-06-01,5.25,7.51650281
1886-07-01,5.33,7.611651901
1886-08-01,5.37,7.706792893
1886-09-01,5.51,7.706792893
1886-01-01,5.65,7.706792893
1886-11-01,5.79,7.706792893
1886-12-01,5.64,7.801941983
1887-01-01,5.58,7.992232066
1887-02-01,5.54,8.087381157
1887-03-01,5.67,8.087381157
1887-04-01,5.8,8.087381157
1887-05-01,5.9,8.087381157
1887-06-01,5.73,7.992232066
1887-07-01,5.59,7.897091074
1887-08-01,5.45,7.992232066
1887-09-01,5.38,7.897091074
1887-01-01,5.2,7.992232066
1887-11-01,5.3,8.087381157
1887-12-01,5.27,8.277679339
1888-01-01,5.31,8.372844628
1888-02-01,5.28,8.277679339
1888-03-01,5.08,8.277679339
1888-04-01,5.1,8.18251405
1888-05-01,5.17,8.087381157
1888-06-01,5.01,7.992232066
1888-07-01,5.14,8.087381157
1888-08-01,5.25,8.087381157
1888-09-01,5.38,8.087381157
1888-01-01,5.35,8.18251405
1888-11-01,5.24,8.277679339
1888-12-01,5.14,8.277679339
1889-01-01,5.24,7.992232066
1889-02-01,5.3,7.897091074
1889-03-01,5.19,7.801941983
1889-04-01,5.18,7.801941983
1889-05-01,5.32,7.611651901
1889-06-01,5.41,7.611651901
1889-07-01,5.3,7.611651901
1889-08-01,5.37,7.611651901
1889-09-01,5.5,7.706792893
1889-01-01,5.4,7.706792893
1889-11-01,5.35,7.706792893
1889-12-01,5.32,7.801941983
1890-01-01,5.38,7.611651901
1890-02-01,5.32,7.611651901
1890-03-01,5.28,7.611651901
1890-04-01,5.39,7.611651901
1890-05-01,5.62,7.706792893
1890-06-01,5.58,7.706792893
1890-07-01,5.54,7.706792893
1890-08-01,5.41,7.992232066
1890-09-01,5.32,8.087381157
1890-01-01,5.08,8.087381157
1890-11-01,4.71,7.897091074
1890-12-01,4.6,7.897091074
1891-01-01,4.84,7.801941983
1891-02-01,4.9,7.897091074
1891-03-01,4.81,7.992232066
1891-04-01,4.97,8.087381157
1891-05-01,4.95,7.992232066
1891-06-01,4.85,7.801941983
1891-07-01,4.77,7.706792893
1891-08-01,4.93,7.706792893
1891-09-01,5.33,7.611651901
1891-01-01,5.33,7.611651901
1891-11-01,5.25,7.51650281
1891-12-01,5.41,7.51650281
1892-01-01,5.51,7.326212727
1892-02-01,5.52,7.326212727
1892-03-01,5.58,7.135922645
1892-04-01,5.57,7.040773554
1892-05-01,5.57,7.040773554
1892-06-01,5.54,7.040773554
1892-07-01,5.54,7.231071736
1892-08-01,5.62,7.326212727
1892-09-01,5.48,7.326212727
1892-01-01,5.59,7.326212727
1892-11-01,5.57,7.51650281
1892-12-01,5.51,7.611651901
1893-01-01,5.61,7.897091074
1893-02-01,5.51,7.992232066
1893-03-01,5.31,7.801941983
1893-04-01,5.31,7.706792893
1893-05-01,4.84,7.611651901
1893-06-01,4.61,7.421361818
1893-07-01,4.18,7.231071736
1893-08-01,4.08,6.945632562
1893-09-01,4.37,7.231071736
1893-01-01,4.5,7.326212727
1893-11-01,4.57,7.135922645
1893-12-01,4.41,7.040773554
1894-01-01,4.32,6.850483471
1894-02-01,4.38,6.755342479
1894-03-01,4.51,6.565052397
1894-04-01,4.57,6.565052397
1894-05-01,4.4,6.565052397
1894-06-01,4.34,6.565052397
1894-07-01,4.25,6.565052397
1894-08-01,4.41,6.755342479
1894-09-01,4.48,6.850483471
1894-01-01,4.34,6.660193388
1894-11-01,4.34,6.660193388
1894-12-01,4.3,6.565052397
1895-01-01,4.25,6.565052397
1895-02-01,4.19,6.565052397
1895-03-01,4.19,6.565052397
1895-04-01,4.37,6.850483471
1895-05-01,4.61,6.945632562
1895-06-01,4.7,7.040773554
1895-07-01,4.72,6.945632562
1895-08-01,4.79,6.850483471
1895-09-01,4.82,6.850483471
1895-01-01,4.75,6.850483471
1895-11-01,4.59,6.850483471
1895-12-01,4.32,6.755342479
1896-01-01,4.27,6.660193388
1896-02-01,4.45,6.565052397
1896-03-01,4.38,6.565052397
1896-04-01,4.42,6.469903306
1896-05-01,4.4,6.374754215
1896-06-01,4.32,6.279613223
1896-07-01,4.04,6.279613223
1896-08-01,3.81,6.279613223
1896-09-01,4.01,6.279613223
1896-01-01,4.1,6.469903306
1896-11-01,4.38,6.660193388
1896-12-01,4.22,6.660193388
1897-01-01,4.22,6.469903306
1897-02-01,4.18,6.469903306
1897-03-01,4.19,6.469903306
1897-04-01,4.06,6.374754215
1897-05-01,4.08,6.279613223
1897-06-01,4.27,6.279613223
1897-07-01,4.46,6.279613223
1897-08-01,4.75,6.565052397
1897-09-01,4.98,6.755342479
1897-01-01,4.82,6.660193388
1897-11-01,4.65,6.660193388
1897-12-01,4.75,6.660193388
1898-01-01,4.88,6.660193388
1898-02-01,4.87,6.755342479
1898-03-01,4.65,6.755342479
1898-04-01,4.57,6.755342479
1898-05-01,4.87,7.231071736
1898-06-01,5.06,6.755342479
1898-07-01,5.08,6.660193388
1898-08-01,5.27,6.660193388
1898-09-01,5.26,6.660193388
1898-01-01,5.15,6.660193388
1898-11-01,5.32,6.660193388
1898-12-01,5.65,6.755342479
1899-01-01,6.08,6.755342479
1899-02-01,6.31,6.945632562
1899-03-01,6.4,6.945632562
1899-04-01,6.48,7.040773554
1899-05-01,6.21,7.040773554
1899-06-01,6.07,7.135922645
1899-07-01,6.28,7.231071736
1899-08-01,6.44,7.326212727
1899-09-01,6.37,7.611651901
1899-01-01,6.34,7.706792893
1899-11-01,6.46,7.801941983
1899-12-01,6.02,7.897091074
1900-01-01,6.1,7.897091074
1900-02-01,6.21,7.992232066
1900-03-01,6.26,7.992232066
1900-04-01,6.34,7.992232066
1900-05-01,6.04,7.801941983
1900-06-01,5.86,7.706792893
1900-07-01,5.86,7.801941983
1900-08-01,5.94,7.706792893
1900-09-01,5.8,7.801941983
1900-01-01,6.01,7.706792893
1900-11-01,6.48,7.706792893
1900-12-01,6.87,7.611651901
1901-01-01,7.07,7.706792893
1901-02-01,7.25,7.611651901
1901-03-01,7.51,7.611651901
1901-04-01,8.14,7.51650281
1901-05-01,7.73,7.51650281
1901-06-01,8.5,7.51650281
1901-07-01,7.93,7.611651901
1901-08-01,8.04,7.706792893
1901-09-01,8,7.801941983
1901-01-01,7.91,7.801941983
1901-11-01,8.08,7.897091074
1901-12-01,7.95,7.992232066
1902-01-01,8.12,7.897091074
1902-02-01,8.19,7.897091074
1902-03-01,8.2,7.897091074
1902-04-01,8.48,7.992232066
1902-05-01,8.46,8.087381157
1902-06-01,8.41,8.18251405
1902-07-01,8.6,8.18251405
1902-08-01,8.83,8.087381157
1902-09-01,8.85,8.18251405
1902-01-01,8.57,8.753424793
1902-11-01,8.24,8.467928926
1902-12-01,8.05,8.563094215
1903-01-01,8.46,8.658259504
1903-02-01,8.41,8.658259504
1903-03-01,8.08,8.372844628
1903-04-01,7.75,8.372844628
1903-05-01,7.6,8.18251405
1903-06-01,7.18,8.18251405
1903-07-01,6.85,8.18251405
1903-08-01,6.63,8.18251405
1903-09-01,6.47,8.277679339
1903-01-01,6.26,8.18251405
1903-11-01,6.28,8.087381157
1903-12-01,6.57,8.087381157
1904-01-01,6.68,8.277679339
1904-02-01,6.5,8.467928926
1904-03-01,6.48,8.372844628
1904-04-01,6.64,8.277679339
1904-05-01,6.5,8.087381157
1904-06-01,6.51,8.087381157
1904-07-01,6.78,8.087381157
1904-08-01,7.01,8.18251405
1904-09-01,7.32,8.277679339
1904-01-01,7.75,8.277679339
1904-11-01,8.17,8.467928926
1904-12-01,8.25,8.467928926
1905-01-01,8.43,8.467928926
1905-02-01,8.8,8.467928926
1905-03-01,9.05,8.372844628
1905-04-01,8.94,8.372844628
1905-05-01,8.5,8.277679339
1905-06-01,8.6,8.277679339
1905-07-01,8.87,8.277679339
1905-08-01,9.2,8.372844628
1905-09-01,9.23,8.277679339
1905-01-01,9.36,8.277679339
1905-11-01,9.31,8.372844628
1905-12-01,9.54,8.467928926
1906-01-01,9.87,8.467928926
1906-02-01,9.8,8.467928926
1906-03-01,9.56,8.467928926
1906-04-01,9.43,8.467928926
1906-05-01,9.18,8.563094215
1906-06-01,9.3,8.563094215
1906-07-01,9.06,8.277679339
1906-08-01,9.73,8.467928926
1906-09-01,10.03,8.563094215
1906-01-01,9.73,8.753424793
1906-11-01,9.93,8.848509091
1906-12-01,9.84,8.94367438
1907-01-01,9.56,8.848509091
1907-02-01,9.26,9.038839669
1907-03-01,8.35,8.94367438
1907-04-01,8.39,8.94367438
1907-05-01,8.1,9.134004959
1907-06-01,7.84,9.229089256
1907-07-01,8.14,9.229089256
1907-08-01,7.53,9.229089256
1907-09-01,7.45,9.229089256
1907-01-01,6.64,9.324254545
1907-11-01,6.25,8.94367438
1907-12-01,6.57,8.753424793
1908-01-01,6.85,8.658259504
1908-02-01,6.6,8.563094215
1908-03-01,6.87,8.563094215
1908-04-01,7.24,8.658259504
1908-05-01,7.63,8.658259504
1908-06-01,7.64,8.658259504
1908-07-01,7.92,8.753424793
1908-08-01,8.26,8.753424793
1908-09-01,8.17,8.753424793
1908-01-01,8.27,8.848509091
1908-11-01,8.83,8.94367438
1908-12-01,9.03,9.038839669
1909-01-01,9.06,8.94367438
1909-02-01,8.8,9.038839669
1909-03-01,8.92,9.038839669
1909-04-01,9.32,9.229089256
1909-05-01,9.63,9.324254545
1909-06-01,9.8,9.419419835
1909-07-01,9.94,9.419419835
1909-08-01,10.18,9.514585124
1909-09-01,10.19,9.609669421
1909-01-01,10.23,9.8
1909-11-01,10.18,9.895165289
1909-12-01,10.3,9.990330579
1910-01-01,10.08,9.895165289
1910-02-01,9.72,9.895165289
1910-03-01,9.96,10.08541488
1910-04-01,9.72,10.18058017
1910-05-01,9.56,9.990330579
1910-06-01,9.1,9.895165289
1910-07-01,8.64,9.895165289
1910-08-01,8.85,9.8
1910-09-01,8.91,9.704834711
1910-01-01,9.32,9.419419835
1910-11-01,9.31,9.229089256
1910-12-01,9.05,9.229089256
1911-01-01,9.27,9.229089256
1911-02-01,9.43,8.94367438
1911-03-01,9.32,9.038839669
1911-04-01,9.28,8.753424793
1911-05-01,9.48,8.753424793
1911-06-01,9.67,8.753424793
1911-07-01,9.63,8.848509091
1911-08-01,9.17,9.134004959
1911-09-01,8.67,9.229089256
1911-01-01,8.72,9.229089256
1911-11-01,9.07,9.134004959
1911-12-01,9.11,9.038839669
1912-01-01,9.12,9.134004959
1912-02-01,9.04,9.229089256
1912-03-01,9.3,9.419419835
1912-04-01,9.59,9.704834711
1912-05-01,9.58,9.704834711
1912-06-01,9.58,9.609669421
1912-07-01,9.59,9.609669421
1912-08-01,9.81,9.704834711
1912-09-01,9.86,9.8
1912-01-01,9.84,9.8
1912-11-01,9.73,9.8
1912-12-01,9.38,9.704834711
1913-01-01,9.3,9.8
1913-02-01,8.97,9.8
1913-03-01,8.8,9.8
1913-04-01,8.79,9.8
1913-05-01,8.55,9.7
1913-06-01,8.12,9.8
1913-07-01,8.23,9.9
1913-08-01,8.45,9.9
1913-09-01,8.53,10
1913-01-01,8.26,10
1913-11-01,8.05,10.1
1913-12-01,8.04,10
1914-01-01,8.37,10
1914-02-01,8.48,9.9
1914-03-01,8.32,9.9
1914-04-01,8.12,9.8
1914-05-01,8.17,9.9
1914-06-01,8.13,9.9
1914-07-01,7.68,10
1914-08-01,7.68,10.2
1914-09-01,7.68,10.2
1914-01-01,7.68,10.1
1914-11-01,7.68,10.2
1914-12-01,7.35,10.1
1915-01-01,7.48,10.1
1915-02-01,7.38,10
1915-03-01,7.57,9.9
1915-04-01,8.14,10
1915-05-01,7.95,10.1
1915-06-01,8.04,10.1
1915-07-01,8.01,10.1
1915-08-01,8.35,10.1
1915-09-01,8.66,10.1
1915-01-01,9.14,10.2
1915-11-01,9.46,10.3
1915-12-01,9.48,10.3
1916-01-01,9.33,10.4
1916-02-01,9.2,10.4
1916-03-01,9.17,10.5
1916-04-01,9.07,10.6
1916-05-01,9.27,10.7
1916-06-01,9.36,10.8
1916-07-01,9.23,10.8
1916-08-01,9.3,10.9
1916-09-01,9.68,11.1
1916-01-01,9.98,11.3
1916-11-01,10.21,11.5
1916-12-01,9.8,11.6
1917-01-01,9.57,11.7
1917-02-01,9.03,12
1917-03-01,9.31,12
1917-04-01,9.17,12.6
1917-05-01,8.86,12.8
1917-06-01,9.04,13
1917-07-01,8.79,12.8
1917-08-01,8.53,13
1917-09-01,8.12,13.3
1917-01-01,7.68,13.5
1917-11-01,7.04,13.5
1917-12-01,6.8,13.7
1918-01-01,7.21,14
1918-02-01,7.43,14.1
1918-03-01,7.28,14
1918-04-01,7.21,14.2
1918-05-01,7.44,14.5
1918-06-01,7.45,14.7
1918-07-01,7.51,15.1
1918-08-01,7.58,15.4
1918-09-01,7.54,15.7
1918-01-01,7.86,16
1918-11-01,8.06,16.3
1918-12-01,7.9,16.5
1919-01-01,7.85,16.5
1919-02-01,7.88,16.2
1919-03-01,8.12,16.4
1919-04-01,8.39,16.7
1919-05-01,8.97,16.9
1919-06-01,9.21,16.9
1919-07-01,9.51,17.4
1919-08-01,8.87,17.7
1919-09-01,9.01,17.8
1919-01-01,9.47,18.1
1919-11-01,9.19,18.5
1919-12-01,8.92,18.9
1920-01-01,8.83,19.3
1920-02-01,8.1,19.5
1920-03-01,8.67,19.7
1920-04-01,8.6,20.3
1920-05-01,8.06,20.6
1920-06-01,7.92,20.9
1920-07-01,7.91,20.8
1920-08-01,7.6,20.3
1920-09-01,7.87,20
1920-01-01,7.88,19.9
1920-11-01,7.48,19.8
1920-12-01,6.81,19.4
1921-01-01,7.11,19
1921-02-01,7.06,18.4
1921-03-01,6.88,18.3
1921-04-01,6.91,18.1
1921-05-01,7.12,17.7
1921-06-01,6.55,17.6
1921-07-01,6.53,17.7
1921-08-01,6.45,17.7
1921-09-01,6.61,17.5
1921-01-01,6.7,17.5
1921-11-01,7.06,17.4
1921-12-01,7.31,17.3
1922-01-01,7.3,16.9
1922-02-01,7.46,16.9
1922-03-01,7.74,16.7
1922-04-01,8.21,16.7
1922-05-01,8.53,16.7
1922-06-01,8.45,16.7
1922-07-01,8.51,16.8
1922-08-01,8.83,16.6
1922-09-01,9.06,16.6
1922-01-01,9.26,16.7
1922-11-01,8.8,16.8
1922-12-01,8.78,16.9
1923-01-01,8.9,16.8
1923-02-01,9.28,16.8
1923-03-01,9.43,16.8
1923-04-01,9.1,16.9
1923-05-01,8.67,16.9
1923-06-01,8.34,17
1923-07-01,8.06,17.2
1923-08-01,8.1,17.1
1923-09-01,8.15,17.2
1923-01-01,8.03,17.3
1923-11-01,8.27,17.3
1923-12-01,8.55,17.3
1924-01-01,8.83,17.3
1924-02-01,8.87,17.2
1924-03-01,8.7,17.1
1924-04-01,8.5,17
1924-05-01,8.47,17
1924-06-01,8.63,17
1924-07-01,9.03,17.1
1924-08-01,9.34,17
1924-09-01,9.25,17.1
1924-01-01,9.13,17.2
1924-11-01,9.64,17.2
1924-12-01,10.16,17.3
1925-01-01,10.58,17.3
1925-02-01,10.67,17.2
1925-03-01,10.39,17.3
1925-04-01,10.28,17.2
1925-05-01,10.61,17.3
1925-06-01,10.8,17.5
1925-07-01,11.1,17.7
1925-08-01,11.25,17.7
1925-09-01,11.51,17.7
1925-01-01,11.89,17.7
1925-11-01,12.26,18
1925-12-01,12.46,17.9
1926-01-01,12.65,17.9
1926-02-01,12.67,17.9
1926-03-01,11.81,17.8
1926-04-01,11.48,17.9
1926-05-01,11.56,17.8
1926-06-01,12.11,17.7
1926-07-01,12.62,17.5
1926-08-01,13.12,17.4
1926-09-01,13.32,17.5
1926-01-01,13.02,17.6
1926-11-01,13.19,17.7
1926-12-01,13.49,17.7
1927-01-01,13.4,17.5
1927-02-01,13.66,17.4
1927-03-01,13.87,17.3
1927-04-01,14.21,17.3
1927-05-01,14.7,17.4
1927-06-01,14.89,17.6
1927-07-01,15.22,17.3
1927-08-01,16.03,17.2
1927-09-01,16.94,17.3
1927-01-01,16.68,17.4
1927-11-01,17.06,17.3
1927-12-01,17.46,17.3
1928-01-01,17.53,17.3
1928-02-01,17.32,17.1
1928-03-01,18.25,17.1
1928-04-01,19.4,17.1
1928-05-01,20,17.2
1928-06-01,19.02,17.1
1928-07-01,19.16,17.1
1928-08-01,19.78,17.1
1928-09-01,21.17,17.3
1928-01-01,21.6,17.2
1928-11-01,23.06,17.2
1928-12-01,23.15,17.1
1929-01-01,24.86,17.1
1929-02-01,24.99,17.1
1929-03-01,25.43,17
1929-04-01,25.28,16.9
1929-05-01,25.66,17
1929-06-01,26.15,17.1
1929-07-01,28.48,17.3
1929-08-01,30.1,17.3
1929-09-01,31.3,17.3
1929-01-01,27.99,17.3
1929-11-01,20.58,17.3
1929-12-01,21.4,17.2
1930-01-01,21.71,17.1
1930-02-01,23.07,17
1930-03-01,23.94,16.9
1930-04-01,25.46,17
1930-05-01,23.94,16.9
1930-06-01,21.52,16.8
1930-07-01,21.06,16.6
1930-08-01,20.79,16.5
1930-09-01,20.78,16.6
1930-01-01,17.92,16.5
1930-11-01,16.62,16.4
1930-12-01,15.51,16.1
1931-01-01,15.98,15.9
1931-02-01,17.2,15.7
1931-03-01,17.53,15.6
1931-04-01,15.86,15.5
1931-05-01,14.33,15.3
1931-06-01,13.87,15.1
1931-07-01,14.33,15.1
1931-08-01,13.9,15.1
1931-09-01,11.83,15
1931-01-01,10.25,14.9
1931-11-01,10.39,14.7
1931-12-01,8.44,14.6
1932-01-01,8.3,14.3
1932-02-01,8.23,14.1
1932-03-01,8.26,14
1932-04-01,6.28,13.9
1932-05-01,5.51,13.7
1932-06-01,4.77,13.6
1932-07-01,5.01,13.6
1932-08-01,7.53,13.5
1932-09-01,8.26,13.4
1932-01-01,7.12,13.3
1932-11-01,7.05,13.2
1932-12-01,6.82,13.1
1933-01-01,7.09,12.9
1933-02-01,6.25,12.7
1933-03-01,6.23,12.6
1933-04-01,6.89,12.6
1933-05-01,8.87,12.6
1933-06-01,10.39,12.7
1933-07-01,11.23,13.1
1933-08-01,10.67,13.2
1933-09-01,10.58,13.2
1933-01-01,9.55,13.2
1933-11-01,9.78,13.2
1933-12-01,9.97,13.2
1934-01-01,10.54,13.2
1934-02-01,11.32,13.3
1934-03-01,10.74,13.3
1934-04-01,10.92,13.3
1934-05-01,9.81,13.3
1934-06-01,9.94,13.4
1934-07-01,9.47,13.4
1934-08-01,9.1,13.4
1934-09-01,8.88,13.6
1934-01-01,8.95,13.5
1934-11-01,9.2,13.5
1934-12-01,9.26,13.4
1935-01-01,9.26,13.6
1935-02-01,8.98,13.7
1935-03-01,8.41,13.7
1935-04-01,9.04,13.8
1935-05-01,9.75,13.8
1935-06-01,10.12,13.7
1935-07-01,10.65,13.7
1935-08-01,11.37,13.7
1935-09-01,11.61,13.7
1935-01-01,11.92,13.7
1935-11-01,13.04,13.8
1935-12-01,13.04,13.8
1936-01-01,13.76,13.8
1936-02-01,14.55,13.8
1936-03-01,14.86,13.7
1936-04-01,14.88,13.7
1936-05-01,14.09,13.7
1936-06-01,14.69,13.8
1936-07-01,15.56,13.9
1936-08-01,15.87,14
1936-09-01,16.05,14
1936-01-01,16.89,14
1936-11-01,17.36,14
1936-12-01,17.06,14
1937-01-01,17.59,14.1
1937-02-01,18.11,14.1
1937-03-01,18.09,14.2
1937-04-01,17.01,14.3
1937-05-01,16.25,14.4
1937-06-01,15.64,14.4
1937-07-01,16.57,14.5
1937-08-01,16.74,14.5
1937-09-01,14.37,14.6
1937-01-01,12.28,14.6
1937-11-01,11.2,14.5
1937-12-01,11.02,14.4
1938-01-01,11.31,14.2
1938-02-01,11.04,14.1
1938-03-01,10.31,14.1
1938-04-01,9.89,14.2
1938-05-01,9.98,14.1
1938-06-01,10.21,14.1
1938-07-01,12.24,14.1
1938-08-01,12.31,14.1
1938-09-01,11.75,14.1
1938-01-01,13.06,14
1938-11-01,13.07,14
1938-12-01,12.69,14
1939-01-01,12.5,14
1939-02-01,12.4,13.9
1939-03-01,12.39,13.9
1939-04-01,10.83,13.8
1939-05-01,11.23,13.8
1939-06-01,11.43,13.8
1939-07-01,11.71,13.8
1939-08-01,11.54,13.8
1939-09-01,12.77,14.1
1939-01-01,12.9,14
1939-11-01,12.67,14
1939-12-01,12.37,14
1940-01-01,12.3,13.9
1940-02-01,12.22,14
1940-03-01,12.15,14
1940-04-01,12.27,14
1940-05-01,10.58,14
1940-06-01,9.67,14.1
1940-07-01,9.99,14
1940-08-01,10.2,14
1940-09-01,10.63,14
1940-01-01,10.73,14
1940-11-01,10.98,14
1940-12-01,10.53,14.1
1941-01-01,10.55,14.1
1941-02-01,9.89,14.1
1941-03-01,9.95,14.2
1941-04-01,9.64,14.3
1941-05-01,9.43,14.4
1941-06-01,9.76,14.7
1941-07-01,10.26,14.7
1941-08-01,10.21,14.9
1941-09-01,10.24,15.1
1941-01-01,9.83,15.3
1941-11-01,9.37,15.4
1941-12-01,8.76,15.5
1942-01-01,8.93,15.7
1942-02-01,8.65,15.8
1942-03-01,8.18,16
1942-04-01,7.84,16.1
1942-05-01,7.93,16.3
1942-06-01,8.33,16.3
1942-07-01,8.64,16.4
1942-08-01,8.59,16.5
1942-09-01,8.68,16.5
1942-01-01,9.32,16.7
1942-11-01,9.47,16.8
1942-12-01,9.52,16.9
1943-01-01,10.09,16.9
1943-02-01,10.69,16.9
1943-03-01,11.07,17.2
1943-04-01,11.44,17.4
1943-05-01,11.89,17.5
1943-06-01,12.1,17.5
1943-07-01,12.35,17.4
1943-08-01,11.74,17.3
1943-09-01,11.99,17.4
1943-01-01,11.88,17.4
1943-11-01,11.33,17.4
1943-12-01,11.48,17.4
1944-01-01,11.85,17.4
1944-02-01,11.77,17.4
1944-03-01,12.1,17.4
1944-04-01,11.89,17.5
1944-05-01,12.1,17.5
1944-06-01,12.67,17.6
1944-07-01,13,17.7
1944-08-01,12.81,17.7
1944-09-01,12.6,17.7
1944-01-01,12.91,17.7
1944-11-01,12.82,17.7
1944-12-01,13.1,17.8
1945-01-01,13.49,17.8
1945-02-01,13.94,17.8
1945-03-01,13.93,17.8
1945-04-01,14.28,17.8
1945-05-01,14.82,17.9
1945-06-01,15.09,18.1
1945-07-01,14.78,18.1
1945-08-01,14.83,18.1
1945-09-01,15.84,18.1
1945-01-01,16.5,18.1
1945-11-01,17.04,18.1
1945-12-01,17.33,18.2
1946-01-01,18.02,18.2
1946-02-01,18.07,18.1
1946-03-01,17.53,18.3
1946-04-01,18.66,18.4
1946-05-01,18.7,18.5
1946-06-01,18.58,18.7
1946-07-01,18.05,19.8
1946-08-01,17.7,20.2
1946-09-01,15.09,20.4
1946-01-01,14.75,20.8
1946-11-01,14.69,21.3
1946-12-01,15.13,21.5
1947-01-01,15.21,21.5
1947-02-01,15.8,21.5
1947-03-01,15.16,21.9
1947-04-01,14.6,21.9
1947-05-01,14.34,21.9
1947-06-01,14.84,22
1947-07-01,15.77,22.2
1947-08-01,15.46,22.5
1947-09-01,15.06,23
1947-01-01,15.45,23
1947-11-01,15.27,23.1
1947-12-01,15.03,23.4
1948-01-01,14.83,23.7
1948-02-01,14.1,23.5
1948-03-01,14.3,23.4
1948-04-01,15.4,23.8
1948-05-01,16.15,23.9
1948-06-01,16.82,24.1
1948-07-01,16.42,24.4
1948-08-01,15.94,24.5
1948-09-01,15.76,24.5
1948-01-01,16.19,24.4
1948-11-01,15.29,24.2
1948-12-01,15.19,24.1
1949-01-01,15.36,24
1949-02-01,14.77,23.8
1949-03-01,14.91,23.8
1949-04-01,14.89,23.9
1949-05-01,14.78,23.8
1949-06-01,13.97,23.9
1949-07-01,14.76,23.7
1949-08-01,15.29,23.8
1949-09-01,15.49,23.9
1949-01-01,15.89,23.7
1949-11-01,16.11,23.8
1949-12-01,16.54,23.6
1950-01-01,16.88,23.5
1950-02-01,17.21,23.5
1950-03-01,17.35,23.6
1950-04-01,17.84,23.6
1950-05-01,18.44,23.7
1950-06-01,18.74,23.8
1950-07-01,17.38,24.1
1950-08-01,18.43,24.3
1950-09-01,19.08,24.4
1950-01-01,19.87,24.6
1950-11-01,19.83,24.7
1950-12-01,19.75,25
1951-01-01,21.21,25.4
1951-02-01,22,25.7
1951-03-01,21.63,25.8
1951-04-01,21.92,25.8
1951-05-01,21.93,25.9
1951-06-01,21.55,25.9
1951-07-01,21.93,25.9
1951-08-01,22.89,25.9
1951-09-01,23.48,26.1
1951-01-01,23.36,26.2
1951-11-01,22.71,26.4
1951-12-01,23.41,26.5
1952-01-01,24.19,26.5
1952-02-01,23.75,26.3
1952-03-01,23.81,26.3
1952-04-01,23.74,26.4
1952-05-01,23.73,26.4
1952-06-01,24.38,26.5
1952-07-01,25.08,26.7
1952-08-01,25.18,26.7
1952-09-01,24.78,26.7
1952-01-01,24.26,26.7
1952-11-01,25.03,26.7
1952-12-01,26.04,26.7
1953-01-01,26.18,26.6
1953-02-01,25.86,26.5
1953-03-01,25.99,26.6
1953-04-01,24.71,26.6
1953-05-01,24.84,26.7
1953-06-01,23.95,26.8
1953-07-01,24.29,26.8
1953-08-01,24.39,26.9
1953-09-01,23.27,26.9
1953-01-01,23.97,27
1953-11-01,24.5,26.9
1953-12-01,24.83,26.9
1954-01-01,25.46,26.9
1954-02-01,26.02,26.9
1954-03-01,26.57,26.9
1954-04-01,27.63,26.8
1954-05-01,28.73,26.9
1954-06-01,28.96,26.9
1954-07-01,30.13,26.9
1954-08-01,30.73,26.9
1954-09-01,31.45,26.8
1954-01-01,32.18,26.8
1954-11-01,33.44,26.8
1954-12-01,34.97,26.7
1955-01-01,35.6,26.7
1955-02-01,36.79,26.7
1955-03-01,36.5,26.7
1955-04-01,37.76,26.7
1955-05-01,37.6,26.7
1955-06-01,39.78,26.7
1955-07-01,42.69,26.8
1955-08-01,42.43,26.8
1955-09-01,44.34,26.9
1955-01-01,42.11,26.9
1955-11-01,44.95,26.9
1955-12-01,45.37,26.8
1956-01-01,44.15,26.8
1956-02-01,44.43,26.8
1956-03-01,47.49,26.8
1956-04-01,48.05,26.9
1956-05-01,46.54,27
1956-06-01,46.27,27.2
1956-07-01,48.78,27.4
1956-08-01,48.49,27.3
1956-09-01,46.84,27.4
1956-01-01,46.24,27.5
1956-11-01,45.76,27.5
1956-12-01,46.44,27.6
1957-01-01,45.43,27.6
1957-02-01,43.47,27.7
1957-03-01,44.03,27.8
1957-04-01,45.05,27.9
1957-05-01,46.78,28
1957-06-01,47.55,28.1
1957-07-01,48.51,28.3
1957-08-01,45.84,28.3
1957-09-01,43.98,28.3
1957-01-01,41.24,28.3
1957-11-01,40.35,28.4
1957-12-01,40.33,28.4
1958-01-01,41.12,28.6
1958-02-01,41.26,28.6
1958-03-01,42.11,28.8
1958-04-01,42.34,28.9
1958-05-01,43.7,28.9
1958-06-01,44.75,28.9
1958-07-01,45.98,29
1958-08-01,47.7,28.9
1958-09-01,48.96,28.9
1958-01-01,50.95,28.9
1958-11-01,52.5,29
1958-12-01,53.49,28.9
1959-01-01,55.62,29
1959-02-01,54.77,28.9
1959-03-01,56.16,28.9
1959-04-01,57.1,29
1959-05-01,57.96,29
1959-06-01,57.46,29.1
1959-07-01,59.74,29.2
1959-08-01,59.4,29.2
1959-09-01,57.05,29.3
1959-01-01,57,29.4
1959-11-01,57.23,29.4
1959-12-01,59.06,29.4
1960-01-01,58.03,29.3
1960-02-01,55.78,29.4
1960-03-01,55.02,29.4
1960-04-01,55.73,29.5
1960-05-01,55.22,29.5
1960-06-01,57.26,29.6
1960-07-01,55.84,29.6
1960-08-01,56.51,29.6
1960-09-01,54.81,29.6
1960-01-01,53.73,29.8
1960-11-01,55.47,29.8
1960-12-01,56.8,29.8
1961-01-01,59.72,29.8
1961-02-01,62.17,29.8
1961-03-01,64.12,29.8
1961-04-01,65.83,29.8
1961-05-01,66.5,29.8
1961-06-01,65.62,29.8
1961-07-01,65.44,30
1961-08-01,67.79,29.9
1961-09-01,67.26,30
1961-01-01,68,30
1961-11-01,71.08,30
1961-12-01,71.74,30
1962-01-01,69.07,30
1962-02-01,70.22,30.1
1962-03-01,70.29,30.1
1962-04-01,68.05,30.2
1962-05-01,62.99,30.2
1962-06-01,55.63,30.2
1962-07-01,56.97,30.3
1962-08-01,58.52,30.3
1962-09-01,58,30.4
1962-01-01,56.17,30.4
1962-11-01,60.04,30.4
1962-12-01,62.64,30.4
1963-01-01,65.06,30.4
1963-02-01,65.92,30.4
1963-03-01,65.67,30.5
1963-04-01,68.76,30.5
1963-05-01,70.14,30.5
1963-06-01,70.11,30.6
1963-07-01,69.07,30.7
1963-08-01,70.98,30.7
1963-09-01,72.85,30.7
1963-01-01,73.03,30.8
1963-11-01,72.62,30.8
1963-12-01,74.17,30.9
1964-01-01,76.45,30.9
1964-02-01,77.39,30.9
1964-03-01,78.8,30.9
1964-04-01,79.94,30.9
1964-05-01,80.72,30.9
1964-06-01,80.24,31
1964-07-01,83.22,31.1
1964-08-01,82,31
1964-09-01,83.41,31.1
1964-01-01,84.85,31.1
1964-11-01,85.44,31.2
1964-12-01,83.96,31.2
1965-01-01,86.12,31.2
1965-02-01,86.75,31.2
1965-03-01,86.83,31.3
1965-04-01,87.97,31.4
1965-05-01,89.28,31.4
1965-06-01,85.04,31.6
1965-07-01,84.91,31.6
1965-08-01,86.49,31.6
1965-09-01,89.38,31.6
1965-01-01,91.39,31.7
1965-11-01,92.15,31.7
1965-12-01,91.73,31.8
1966-01-01,93.32,31.8
1966-02-01,92.69,32
1966-03-01,88.88,32.1
1966-04-01,91.6,32.3
1966-05-01,86.78,32.3
1966-06-01,86.06,32.4
1966-07-01,85.84,32.5
1966-08-01,80.65,32.7
1966-09-01,77.81,32.7
1966-01-01,77.13,32.9
1966-11-01,80.99,32.9
1966-12-01,81.33,32.9
1967-01-01,84.45,32.9
1967-02-01,87.36,32.9
1967-03-01,89.42,33
1967-04-01,90.96,33.1
1967-05-01,92.59,33.2
1967-06-01,91.43,33.3
1967-07-01,93.01,33.4
1967-08-01,94.49,33.5
1967-09-01,95.81,33.6
1967-01-01,95.66,33.7
1967-11-01,92.66,33.8
1967-12-01,95.3,33.9
1968-01-01,95.04,34.1
1968-02-01,90.75,34.2
1968-03-01,89.09,34.3
1968-04-01,95.67,34.4
1968-05-01,97.87,34.5
1968-06-01,100.5,34.7
1968-07-01,100.3,34.9
1968-08-01,98.11,35
1968-09-01,101.3,35.1
1968-01-01,103.8,35.3
1968-11-01,105.4,35.4
1968-12-01,106.5,35.5
1969-01-01,102,35.6
1969-02-01,101.5,35.8
1969-03-01,99.3,36.1
1969-04-01,101.3,36.3
1969-05-01,104.6,36.4
1969-06-01,99.14,36.6
1969-07-01,94.71,36.8
1969-08-01,94.18,37
1969-09-01,94.51,37.1
1969-01-01,95.52,37.3
1969-11-01,96.21,37.5
1969-12-01,91.11,37.7
1970-01-01,90.31,37.8
1970-02-01,87.16,38
1970-03-01,88.65,38.2
1970-04-01,85.95,38.5
1970-05-01,76.06,38.6
1970-06-01,75.59,38.8
1970-07-01,75.72,39
1970-08-01,77.92,39
1970-09-01,82.58,39.2
1970-01-01,84.37,39.4
1970-11-01,84.28,39.6
1970-12-01,90.05,39.8
1971-01-01,93.49,39.8
1971-02-01,97.11,39.9
1971-03-01,99.6,40
1971-04-01,103,40.1
1971-05-01,101.6,40.3
1971-06-01,99.72,40.6
1971-07-01,99,40.7
1971-08-01,97.24,40.8
1971-09-01,99.4,40.8
1971-01-01,97.29,40.9
1971-11-01,92.78,40.9
1971-12-01,99.17,41.1
1972-01-01,103.3,41.1
1972-02-01,105.2,41.3
1972-03-01,107.7,41.4
1972-04-01,108.8,41.5
1972-05-01,107.7,41.6
1972-06-01,108,41.7
1972-07-01,107.2,41.9
1972-08-01,111,42
1972-09-01,109.4,42.1
1972-01-01,109.6,42.3
1972-11-01,115.1,42.4
1972-12-01,117.5,42.5
1973-01-01,118.4,42.6
1973-02-01,114.2,42.9
1973-03-01,112.4,43.3
1973-04-01,110.3,43.6
1973-05-01,107.2,43.9
1973-06-01,104.8,44.2
1973-07-01,105.8,44.3
1973-08-01,103.8,45.1
1973-09-01,105.6,45.2
1973-01-01,109.8,45.6
1973-11-01,102,45.9
1973-12-01,94.78,46.2
1974-01-01,96.11,46.6
1974-02-01,93.45,47.2
1974-03-01,97.44,47.8
1974-04-01,92.46,48
1974-05-01,89.67,48.6
1974-06-01,89.79,49
1974-07-01,79.31,49.4
1974-08-01,76.03,50
1974-09-01,68.12,50.6
1974-01-01,69.44,51.1
1974-11-01,71.74,51.5
1974-12-01,67.07,51.9
1975-01-01,72.56,52.1
1975-02-01,80.1,52.5
1975-03-01,83.78,52.7
1975-04-01,84.72,52.9
1975-05-01,90.1,53.2
1975-06-01,92.4,53.6
1975-07-01,92.49,54.2
1975-08-01,85.71,54.3
1975-09-01,84.67,54.6
1975-01-01,88.57,54.9
1975-11-01,90.07,55.3
1975-12-01,88.7,55.5
1976-01-01,96.86,55.6
1976-02-01,100.6,55.8
1976-03-01,101.1,55.9
1976-04-01,101.9,56.1
1976-05-01,101.2,56.5
1976-06-01,101.8,56.8
1976-07-01,104.2,57.1
1976-08-01,103.3,57.4
1976-09-01,105.5,57.6
1976-01-01,101.9,57.9
1976-11-01,101.2,58
1976-12-01,104.7,58.2
1977-01-01,103.8,58.5
1977-02-01,101,59.1
1977-03-01,100.6,59.5
1977-04-01,99.05,60
1977-05-01,98.76,60.3
1977-06-01,99.29,60.7
1977-07-01,100.2,61
1977-08-01,97.75,61.2
1977-09-01,96.23,61.4
1977-01-01,93.74,61.6
1977-11-01,94.28,61.9
1977-12-01,93.82,62.1
1978-01-01,90.25,62.5
1978-02-01,88.98,62.9
1978-03-01,88.82,63.4
1978-04-01,92.71,63.9
1978-05-01,97.41,64.5
1978-06-01,97.66,65.2
1978-07-01,97.19,65.7
1978-08-01,103.9,66
1978-09-01,103.9,66.5
1978-01-01,100.6,67.1
1978-11-01,94.71,67.4
1978-12-01,96.11,67.7
1979-01-01,99.71,68.3
1979-02-01,98.23,69.1
1979-03-01,100.1,69.8
1979-04-01,102.1,70.6
1979-05-01,99.73,71.5
1979-06-01,101.7,72.3
1979-07-01,102.7,73.1
1979-08-01,107.4,73.8
1979-09-01,108.6,74.6
1979-01-01,104.5,75.2
1979-11-01,103.7,75.9
1979-12-01,107.8,76.7
1980-01-01,110.9,77.8
1980-02-01,115.3,78.9
1980-03-01,104.7,80.1
1980-04-01,103,81
1980-05-01,107.7,81.8
1980-06-01,114.6,82.7
1980-07-01,119.8,82.7
1980-08-01,123.5,83.3
1980-09-01,126.5,84
1980-01-01,130.2,84.8
1980-11-01,135.7,85.5
1980-12-01,133.5,86.3
1981-01-01,133,87
1981-02-01,128.4,87.9
1981-03-01,133.2,88.5
1981-04-01,134.4,89.1
1981-05-01,131.7,89.8
1981-06-01,132.3,90.6
1981-07-01,129.1,91.6
1981-08-01,129.6,92.3
1981-09-01,118.3,93.2
1981-01-01,119.8,93.4
1981-11-01,122.9,93.7
1981-12-01,123.8,94
1982-01-01,117.3,94.3
1982-02-01,114.5,94.6
1982-03-01,110.8,94.5
1982-04-01,116.3,94.9
1982-05-01,116.4,95.8
1982-06-01,109.7,97
1982-07-01,109.4,97.5
1982-08-01,109.7,97.7
1982-09-01,122.4,97.9
1982-01-01,132.7,98.2
1982-11-01,138.1,98
1982-12-01,139.4,97.6
1983-01-01,144.3,97.8
1983-02-01,146.8,97.9
1983-03-01,151.9,97.9
1983-04-01,157.7,98.6
1983-05-01,164.1,99.2
1983-06-01,166.4,99.5
1983-07-01,167,99.9
1983-08-01,162.4,100.2
1983-09-01,167.2,100.7
1983-01-01,167.7,101
1983-11-01,165.2,101.2
1983-12-01,164.4,101.3
1984-01-01,166.4,101.9
1984-02-01,157.3,102.4
1984-03-01,157.4,102.6
1984-04-01,157.6,103.1
1984-05-01,156.6,103.4
1984-06-01,153.1,103.7
1984-07-01,151.1,104.1
1984-08-01,164.4,104.5
1984-09-01,166.1,105
1984-01-01,164.8,105.3
1984-11-01,166.3,105.3
1984-12-01,164.5,105.3
1985-01-01,171.6,105.5
1985-02-01,180.9,106
1985-03-01,179.4,106.4
1985-04-01,180.6,106.9
1985-05-01,184.9,107.3
1985-06-01,188.9,107.6
1985-07-01,192.5,107.8
1985-08-01,188.3,108
1985-09-01,184.1,108.3
1985-01-01,186.2,108.7
1985-11-01,197.5,109
1985-12-01,207.3,109.3
1986-01-01,208.2,109.6
1986-02-01,219.4,109.3
1986-03-01,232.3,108.8
1986-04-01,238,108.6
1986-05-01,238.5,108.9
1986-06-01,245.3,109.5
1986-07-01,240.2,109.5
1986-08-01,245,109.7
1986-09-01,238.3,110.2
1986-01-01,237.4,110.3
1986-11-01,245.1,110.4
1986-12-01,248.6,110.5
1987-01-01,264.5,111.2
1987-02-01,280.9,111.6
1987-03-01,292.5,112.1
1987-04-01,289.3,112.7
1987-05-01,289.1,113.1
1987-06-01,301.4,113.5
1987-07-01,310.1,113.8
1987-08-01,329.4,114.4
1987-09-01,318.7,115
1987-01-01,280.2,115.3
1987-11-01,245,115.4
1987-12-01,241,115.4
1988-01-01,250.5,115.7
1988-02-01,258.1,116
1988-03-01,265.7,116.5
1988-04-01,262.6,117.1
1988-05-01,256.1,117.5
1988-06-01,270.7,118
1988-07-01,269.1,118.5
1988-08-01,263.7,119
1988-09-01,268,119.8
1988-01-01,277.4,120.2
1988-11-01,271,120.3
1988-12-01,276.5,120.5
1989-01-01,285.4,121.1
1989-02-01,294,121.6
1989-03-01,292.7,122.3
1989-04-01,302.3,123.1
1989-05-01,313.9,123.8
1989-06-01,323.7,124.1
1989-07-01,331.9,124.4
1989-08-01,346.6,124.6
1989-09-01,347.3,125
1989-01-01,347.4,125.6
1989-11-01,340.2,125.9
1989-12-01,348.6,126.1
1990-01-01,339.97,127.4
1990-02-01,330.45,128
1990-03-01,338.46,128.7
1990-04-01,338.18,128.9
1990-05-01,350.25,129.2
1990-06-01,360.39,129.9
1990-07-01,360.03,130.4
1990-08-01,330.75,131.6
1990-09-01,315.41,132.7
1990-01-01,307.12,133.5
1990-11-01,315.29,133.8
1990-12-01,328.75,133.8
1991-01-01,325.49,134.6
1991-02-01,362.26,134.8
1991-03-01,372.28,135
1991-04-01,379.68,135.2
1991-05-01,377.99,135.6
1991-06-01,378.29,136
1991-07-01,380.23,136.2
1991-08-01,389.4,136.6
1991-09-01,387.2,137.2
1991-01-01,386.88,137.4
1991-11-01,385.92,137.8
1991-12-01,388.51,137.9
1992-01-01,416.08,138.1
1992-02-01,412.56,138.6
1992-03-01,407.36,139.3
1992-04-01,407.41,139.5
1992-05-01,414.81,139.7
1992-06-01,408.27,140.2
1992-07-01,415.05,140.5
1992-08-01,417.93,140.9
1992-09-01,418.48,141.3
1992-01-01,412.5,141.8
1992-11-01,422.84,142
1992-12-01,435.64,141.9
1993-01-01,435.23,142.6
1993-02-01,441.7,143.1
1993-03-01,450.16,143.6
1993-04-01,443.08,144
1993-05-01,445.25,144.2
1993-06-01,448.06,144.4
1993-07-01,447.29,144.4
1993-08-01,454.13,144.8
1993-09-01,459.24,145.1
1993-01-01,463.9,145.7
1993-11-01,462.89,145.8
1993-12-01,465.95,145.8
1994-01-01,472.99,146.2
1994-02-01,471.58,146.7
1994-03-01,463.81,147.2
1994-04-01,447.23,147.4
1994-05-01,450.9,147.5
1994-06-01,454.83,148
1994-07-01,451.4,148.4
1994-08-01,464.24,149
1994-09-01,466.96,149.4
1994-01-01,463.81,149.5
1994-11-01,461.01,149.7
1994-12-01,455.19,149.7
1995-01-01,465.25,150.3
1995-02-01,481.92,150.9
1995-03-01,493.15,151.4
1995-04-01,507.91,151.9
1995-05-01,523.81,152.2
1995-06-01,539.35,152.5
1995-07-01,557.37,152.5
1995-08-01,559.11,152.9
1995-09-01,578.77,153.2
1995-01-01,582.92,153.7
1995-11-01,595.53,153.6
1995-12-01,614.57,153.5
1996-01-01,614.42,154.4
1996-02-01,649.54,154.9
1996-03-01,647.07,155.7
1996-04-01,647.17,156.3
1996-05-01,661.23,156.6
1996-06-01,668.5,156.7
1996-07-01,644.07,157
1996-08-01,662.68,157.3
1996-09-01,674.88,157.8
1996-01-01,701.46,158.3
1996-11-01,735.67,158.6
1996-12-01,743.25,158.6
1997-01-01,766.22,159.1
1997-02-01,798.39,159.6
1997-03-01,792.16,160
1997-04-01,763.93,160.2
1997-05-01,833.09,160.1
1997-06-01,876.29,160.3
1997-07-01,925.29,160.5
1997-08-01,927.24,160.8
1997-09-01,937.02,161.2
1997-01-01,951.16,161.6
1997-11-01,938.92,161.5
1997-12-01,962.37,161.3
1998-01-01,963.36,161.6
1998-02-01,1023.74,161.9
1998-03-01,1076.83,162.2
1998-04-01,1112.2,162.5
1998-05-01,1108.42,162.8
1998-06-01,1108.39,163
1998-07-01,1156.58,163.2
1998-08-01,1074.62,163.4
1998-09-01,1020.64,163.6
1998-01-01,1032.47,164
1998-11-01,1144.43,164
1998-12-01,1190.05,163.9
1999-01-01,1248.77,164.3
1999-02-01,1246.58,164.5
1999-03-01,1281.66,165
1999-04-01,1334.76,166.2
1999-05-01,1332.07,166.2
1999-06-01,1322.55,166.2
1999-07-01,1380.99,166.7
1999-08-01,1327.49,167.1
1999-09-01,1318.17,167.9
1999-01-01,1300.01,168.2
1999-11-01,1391,168.3
1999-12-01,1428.68,168.3
2000-01-01,1425.59,168.8
2000-02-01,1388.87,169.8
2000-03-01,1442.21,171.2
2000-04-01,1461.36,171.3
2000-05-01,1418.48,171.5
2000-06-01,1461.96,172.4
2000-07-01,1473,172.8
2000-08-01,1485.46,172.8
2000-09-01,1468.05,173.7
2000-01-01,1390.14,174
2000-11-01,1378.04,174.1
2000-12-01,1330.93,174
2001-01-01,1335.63,175.1
2001-02-01,1305.75,175.8
2001-03-01,1185.85,176.2
2001-04-01,1189.84,176.9
2001-05-01,1270.37,177.7
2001-06-01,1238.71,178
2001-07-01,1204.45,177.5
2001-08-01,1178.5,177.5
2001-09-01,1044.64,178.3
2001-01-01,1076.59,177.7
2001-11-01,1129.68,177.4
2001-12-01,1144.93,176.7
2002-01-01,1140.21,177.1
2002-02-01,1100.67,177.8
2002-03-01,1153.79,178.8
2002-04-01,1111.93,179.8
2002-05-01,1079.25,179.8
2002-06-01,1014.02,179.9
2002-07-01,903.59,180.1
2002-08-01,912.55,180.7
2002-09-01,867.81,181
2002-01-01,854.63,181.3
2002-11-01,909.93,181.3
2002-12-01,899.18,180.9
2003-01-01,895.84,181.7
2003-02-01,837.03,183.1
2003-03-01,846.63,184.2
2003-04-01,890.03,183.8
2003-05-01,935.96,183.5
2003-06-01,988,183.7
2003-07-01,992.54,183.9
2003-08-01,989.53,184.6
2003-09-01,1019.44,185.2
2003-01-01,1038.73,185
2003-11-01,1049.9,184.5
2003-12-01,1080.64,184.3
2004-01-01,1132.52,185.2
2004-02-01,1143.36,186.2
2004-03-01,1123.98,187.4
2004-04-01,1133.36,188
2004-05-01,1102.78,189.1
2004-06-01,1132.76,189.7
2004-07-01,1105.85,189.4
2004-08-01,1088.94,189.5
2004-09-01,1117.66,189.9
2004-01-01,1117.21,190.9
2004-11-01,1168.94,191
2004-12-01,1199.21,190.3
2005-01-01,1181.41,190.7
2005-02-01,1199.63,191.8
2005-03-01,1194.9,193.3
2005-04-01,1164.43,194.6
2005-05-01,1178.28,194.4
2005-06-01,1202.25,194.5
2005-07-01,1222.24,195.4
2005-08-01,1224.27,196.4
2005-09-01,1225.92,198.8
2005-01-01,1191.96,199.2
2005-11-01,1237.37,197.6
2005-12-01,1262.07,196.8
2006-01-01,1278.73,198.3
2006-02-01,1276.65,198.7
2006-03-01,1293.74,199.8
2006-04-01,1302.17,201.5
2006-05-01,1290.01,202.5
2006-06-01,1253.17,202.9
2006-07-01,1260.24,203.5
2006-08-01,1287.15,203.9
2006-09-01,1317.74,202.9
2006-01-01,1363.38,201.8
2006-11-01,1388.64,201.5
2006-12-01,1416.42,201.8
2007-01-01,1424.16,202.416
2007-02-01,1444.8,203.499
2007-03-01,1406.95,205.352
2007-04-01,1463.64,206.686
2007-05-01,1511.14,207.949
2007-06-01,1514.19,208.352
2007-07-01,1520.71,208.299
2007-08-01,1454.62,207.917
2007-09-01,1497.12,208.49
2007-01-01,1539.66,208.936
2007-11-01,1463.39,210.177
2007-12-01,1479.22,210.036
2008-01-01,1378.76,211.08
2008-02-01,1354.87,211.693
2008-03-01,1316.94,213.528
2008-04-01,1370.47,214.823
2008-05-01,1403.22,216.632
2008-06-01,1341.25,218.815
2008-07-01,1257.33,219.964
2008-08-01,1281.47,219.086
2008-09-01,1216.95,218.783
2008-01-01,968.8,216.573
2008-11-01,883.04,212.425
2008-12-01,877.56,210.228
2009-01-01,865.58,211.143
2009-02-01,805.23,212.193
2009-03-01,757.13,212.709
2009-04-01,848.15,213.24
2009-05-01,902.41,213.856
2009-06-01,926.12,215.693
2009-07-01,935.82,215.351
2009-08-01,1009.73,215.834
2009-09-01,1044.55,215.969
2009-01-01,1067.66,216.177
2009-11-01,1088.07,216.33
2009-12-01,1110.38,215.949
2010-01-01,1123.58,216.687
2010-02-01,1089.16,216.741
2010-03-01,1152.05,217.631
2010-04-01,1197.32,218.009
2010-05-01,1125.06,218.178
2010-06-01,1083.36,217.965
2010-07-01,1079.8,218.011
2010-08-01,1087.28,218.312
2010-09-01,1122.08,218.439
2010-01-01,1171.58,218.711
2010-11-01,1198.89,218.803
2010-12-01,1241.53,219.179
2011-01-01,1282.62,220.223
2011-02-01,1321.12,221.309
2011-03-01,1304.49,223.467
2011-04-01,1331.51,224.906
2011-05-01,1338.31,225.964
2011-06-01,1287.29,225.722
2011-07-01,1325.19,225.922
2011-08-01,1185.31,226.545
2011-09-01,1173.88,226.889
2011-01-01,1207.22,226.421
2011-11-01,1226.42,226.23
2011-12-01,1243.32,225.672
2012-01-01,1300.58,226.665
2012-02-01,1352.49,227.663
2012-03-01,1389.24,229.392
2012-04-01,1386.43,230.085
2012-05-01,1341.27,229.815
2012-06-01,1323.48,229.478
2012-07-01,1359.78,229.104
2012-08-01,1403.45,230.379
2012-09-01,1443.42,231.407
2012-01-01,1437.82,231.317
2012-11-01,1394.51,230.221
2012-12-01,1422.29,229.601
2013-01-01,1480.4,230.28
2013-02-01,1512.31,232.166
2013-03-01,1550.83,232.773
2013-04-01,1570.7,232.531
2013-05-01,1639.84,232.945
2013-06-01,1618.77,233.504
2013-07-01,1668.68,233.596
2013-08-01,1670.09,233.877
2013-09-01,1687.17,234.149
2013-01-01,1720.03,233.546
2013-11-01,1783.54,233.069
2013-12-01,1807.78,233.049
2014-01-01,1822.36,233.916
2014-02-01,1817.04,234.781
2014-03-01,1863.52,236.293
2014-04-01,1864.26,237.072
2014-05-01,1889.77,237.9
2014-06-01,1947.09,238.343
2014-07-01,1973.1,238.25
2014-08-01,1961.53,237.852
2014-09-01,1993.23,238.031
2014-01-01,1937.27,237.433
2014-11-01,2044.57,236.151
2014-12-01,2054.27,234.812
2015-01-01,2028.18,233.707
2015-02-01,2082.2,234.722
2015-03-01,2079.99,236.119
2015-04-01,2094.86,236.599
2015-05-01,2111.94,237.805
2015-06-01,2099.29,238.638
2015-07-01,2094.14,238.654
2015-08-01,2039.87,238.316
2015-09-01,1944.41,237.945
2015-01-01,2024.81,237.838
2015-11-01,2080.62,237.336
2015-12-01,2054.08,236.525
2016-01-01,1918.6,236.916
2016-02-01,1904.42,237.111
2016-03-01,2021.95,238.132
2016-04-01,2075.54,239.261
2016-05-01,2065.55,240.229
2016-06-01,2083.89,241.018
2016-07-01,2148.9,240.628
2016-08-01,2170.95,240.849
2016-09-01,2157.69,241.428
2016-01-01,2143.02,241.729
2016-11-01,2164.99,241.353
2016-12-01,2246.63,241.432
2017-01-01,2275.12,242.839
2017-02-01,2329.91,243.603
2017-03-01,2366.82,243.801
2017-04-01,2359.31,244.524
2017-05-01,2395.35,244.733
2017-06-01,2433.99,244.955
2017-07-01,2454.1,244.786
2017-08-01,2456.22,245.519
2017-09-01,2492.84,246.819
2017-01-01,2557,246.663
2017-11-01,2593.61,246.669
2017-12-01,2664.34,246.524
2018-01-01,2789.8,247.867
2018-02-01,2705.16,248.991
2018-03-01,2702.77,249.554
2018-04-01,2653.63,250.546
2018-05-01,2701.49,251.588
2018-06-01,2754.35,251.989
2018-07-01,2793.64,252.006
2018-08-01,2857.82,252.146
2018-09-01,2901.5,252.439
2018-01-01,2785.46,252.885
2018-11-01,2723.23,252.038
2018-12-01,2567.31,251.233
2019-01-01,2607.39,251.712
2019-02-01,2754.86,252.776
2019-03-01,2803.98,254.202
2019-04-01,2903.8,255.548
2019-05-01,2854.71,256.092
2019-06-01,2890.17,256.143
2019-07-01,2996.1136363636365,256.571
2019-08-01,2897.498181818182,256.558
2019-09-01,2982.156,256.759
2019-01-01,2977.68,257.346
2019-11-01,3104.9044999999996,257.208
2019-12-01,3176.7495238095235,256.974
2020-01-01,3278.2028571428577,257.971
2020-02-01,3277.3142105263164,258.678
2020-03-01,2652.3936363636367,258.115
2020-04-01,2761.975238095238,256.389
2020-05-01,2919.615,256.394
2020-06-01,3104.6609090909087,257.797
2020-07-01,3207.6190909090906,259.101
2020-08-01,3391.71,259.918
2020-09-01,3365.5166666666664,260.28
2020-01-01,3418.701363636364,260.388
2020-11-01,3548.992500000001,260.229
2020-12-01,3695.3099999999995,260.474
2021-01-01,3793.748421052632,261.582
2021-02-01,3883.4321052631576,263.014
2021-03-01,3910.5082608695648,264.877
2021-04-01,4141.176190476191,267.054
2021-05-01,4167.849500000001,269.195
2021-06-01,4238.489545454546,271.696
2021-07-01,4363.7128571428575,273.003
2021-08-01,4454.206363636363,273.567
2021-09-01,4445.543333333333,274.31
2021-01-01,4460.707142857143,276.589
2021-11-01,4667.386666666667,277.948
2021-12-01,4674.772727272726,278.802
2022-01-01,4573.8155,281.148
2022-02-01,4435.980526315789,283.716
2022-03-01,4391.265217391306,287.504
2022-04-01,4391.295999999999,289.109
2022-05-01,4040.3599999999997,292.296
2022-06-01,3898.9466666666676,296.311
2022-07-01,3911.729499999999,296.276
2022-08-01,4158.5630434782615,296.171
2022-09-01,3850.520476190475,296.808
2022-01-01,3726.050952380952,298.012
2022-11-01,3917.488571428571,297.711
2022-12-01,3912.380952380953,296.797
2023-01-01,3960.6565,299.17
2023-02-01,4079.684736842105,300.84
2023-03-01,3968.5591304347827,301.836
2023-04-01,4121.467368421053,303.363
2023-05-01,4146.1731818181825,304.127
2023-06-01,4345.372857142857,305.109
2023-07-01,4508.075500000001,305.691
2023-08-01,4457.358695652174,307.026
2023-09-01,4409.094999999999,307.789
2023-01-01,4269.4009090909085,307.671
2023-11-01,4460.063333333332,307.051
2023-12-01,4685.0515000000005,306.746
2024-01-01,4815.6139130434785,308.417
2024-02-01,5011.9615,310.326
2024-03-01,5170.572499999999,312.332
2024-04-01,5112.492727272728,313.548
2024-05-01,5235.225454545454,314.069
2024-06-01,5415.140526315788,314.175
2024-07-01,5538.004545454546,314.54
2024-08-01,5478.214545454546,314.796
2024-09-01,5621.2604999999985,315.301
2024-01-01,5792.31956521739,315.664
2024-11-01,5929.916,315.493
2024-12-01,6010.908571428571,315.605
2025-01-01,5979.5155,317.671
2025-02-01,6038.69,319.082
2025-03-01,5683.983333333333,319.7875
2025-04-01,5396.52,320.14025000000004
